X,Y,Z,index,lat,long,speed,date,time,air_val,dust,gsr
-14526.63695,6716967.053,0,3,51.53772,-0.130495,0.83,20524,14090021,36,0.62,538
-14507.15604,6716946.114,0,4,51.537603,-0.13032,0.53,20524,14090200,37,0.62,539
-14500.14291,6716937.165,0,5,51.537553,-0.130257,0.2,20524,14090300,38,0.62,534
-14497.35992,6716935.733,0,6,51.537545,-0.130232,0.45,20524,14090400,37,0.62,539
-14502.3693,6716939.85,0,7,51.537568,-0.130277,1.04,20524,14090500,37,0.62,539
-14501.36743,6716943.787,0,8,51.53759,-0.130268,1.71,20524,14090600,38,0.62,543
-14496.35805,6716941.997,0,9,51.53758,-0.130223,2.06,20524,14090700,38,0.62,554
-14500.81083,6716945.04,0,10,51.537597,-0.130263,1.85,20524,14090800,39,0.62,552
-14496.24673,6716946.83,0,11,51.537607,-0.130222,1.77,20524,14090900,38,0.62,545
-14489.90152,6716944.145,0,12,51.537592,-0.130165,0.21,20524,14091100,37,0.62,540
-14525.30112,6716947.724,0,13,51.537612,-0.130483,0.21,20524,14091200,37,0.62,541
-14509.71639,6716950.051,0,14,51.537625,-0.130343,2.37,20524,14091300,38,0.62,541
-14506.26548,6716948.798,0,15,51.537618,-0.130312,0.26,20524,14091400,38,0.62,554
-14499.92027,6716945.04,0,16,51.537597,-0.130255,0.7,20524,14091500,38,0.62,532
-14500.47687,6716936.091,0,17,51.537547,-0.13026,0.86,20524,14091600,37,0.62,493
-14503.25986,6716936.27,0,18,51.537548,-0.130285,0.14,20524,14091700,34,0.62,512
-14506.3768,6716934.481,0,19,51.537538,-0.130313,1.61,20524,14091800,36,0.62,515
-14501.03347,6716934.839,0,20,51.53754,-0.130265,3.44,20524,14091900,35,0.62,508
-14496.35805,6716938.06,0,21,51.537558,-0.130223,0.97,20524,14092000,35,0.62,493
-14492.90715,6716933.586,0,22,51.537533,-0.130192,0.87,20524,14092100,34,0.62,502
-14494.02034,6716938.955,0,23,51.537563,-0.130202,2.27,20524,14092200,34,0.62,502
-14494.57694,6716939.313,0,24,51.537565,-0.130207,2.27,20524,14092400,35,0.62,504
-14491.90527,6716944.324,0,25,51.537593,-0.130183,2.72,20524,14092500,35,0.62,508
-14491.01471,6716947.009,0,26,51.537608,-0.130175,2.72,20524,14092600,35,0.62,507
-14489.67888,6716949.693,0,27,51.537623,-0.130163,5.56,20524,14092700,36,0.62,515
-14487.89777,6716952.199,0,28,51.537637,-0.130147,6.03,20524,14092800,35,0.62,526
-14486.56193,6716954.883,0,29,51.537652,-0.130135,6,20524,14092900,36,0.62,533
-14485.2261,6716957.21,0,30,51.537665,-0.130123,5.1,20524,14093000,37,0.62,530
-14484.89214,6716961.147,0,31,51.537687,-0.13012,4.79,20524,14093100,36,0.62,527
-14484.89214,6716964.011,0,32,51.537703,-0.13012,4.32,20524,14093200,36,0.62,532
-14484.89214,6716968.306,0,33,51.537727,-0.13012,4.27,20524,14093300,37,0.62,529
-14484.11291,6716970.633,0,34,51.53774,-0.130113,4.21,20524,14093400,37,0.62,523
-14484.11291,6716971.885,0,35,51.537747,-0.130113,3.91,20524,14093500,36,0.62,523
-14486.22798,6716971.885,0,36,51.537747,-0.130132,3.91,20524,14093700,36,0.62,512
-14485.7827,6716972.959,0,37,51.537753,-0.130128,3.26,20524,14093800,36,0.62,520
-14485.7827,6716972.959,0,38,51.537753,-0.130128,3.26,20524,14093900,36,0.62,513
-14485.2261,6716971.885,0,39,51.537747,-0.130123,2.42,20524,14094000,35,0.62,503
-14485.11478,6716961.147,0,40,51.537687,-0.130122,1.43,20524,14094100,35,0.62,497
-14483.55631,6716951.841,0,41,51.537635,-0.130108,3.04,20524,14094200,34,0.62,496
-14482.88839,6716950.946,0,42,51.53763,-0.130102,2.49,20524,14094300,35,0.62,495
-14482.10915,6716948.798,0,43,51.537618,-0.130095,1.82,20524,14094400,34,0.62,494
-14480.1054,6716946.472,0,44,51.537605,-0.130077,1.89,20524,14094500,33,0.62,493
-14479.10353,6716944.682,0,45,51.537595,-0.130068,1.5,20524,14094600,33,0.62,501
-14477.99033,6716944.145,0,46,51.537592,-0.130058,1.3,20524,14094700,35,0.62,506
-14475.76394,6716950.051,0,47,51.537625,-0.130038,0,20524,14094800,35,0.62,570
-14474.65075,6716953.988,0,48,51.537647,-0.130028,0,20524,14095000,39,0.62,560
-14473.53755,6716958.463,0,49,51.537672,-0.130018,0,20524,14095100,39,0.62,630
-14472.86964,6716963.832,0,50,51.537702,-0.130012,2.38,20524,14095200,44,0.62,621
-14471.86776,6716968.485,0,51,51.537728,-0.130003,3.04,20524,14095300,43,0.62,630
-14471.31116,6716976.36,0,52,51.537772,-0.129998,3.22,20524,14095400,44,0.62,630
-14471.31116,6716981.013,0,53,51.537798,-0.129998,3.57,20524,14095500,43,0.62,632
-14471.75644,6716982.266,0,54,51.537805,-0.130002,3.56,20524,14095600,44,0.62,621
-14471.5338,6716984.592,0,55,51.537818,-0.13,3.04,20524,14095700,43,0.62,624
-14471.75644,6716985.845,0,56,51.537825,-0.130002,3.8,20524,14095800,43,0.62,625
-14471.86776,6716983.697,0,57,51.537813,-0.130003,2.29,20524,14095900,43,0.62,625
-14471.5338,6716984.055,0,58,51.537815,-0.13,2.24,20524,14100000,43,0.62,624
-14470.42061,6716984.592,0,59,51.537818,-0.12999,1.77,20524,14100200,44,0.62,619
-14469.53005,6716983.697,0,60,51.537813,-0.129982,1.51,20524,14100300,43,0.62,621
-14468.97345,6716982.266,0,61,51.537805,-0.129977,1.42,20524,14100400,43,0.62,622
-14468.52818,6716980.118,0,62,51.537793,-0.129973,1.42,20524,14100500,43,0.62,620
-14468.19422,6716977.791,0,63,51.53778,-0.12997,1.42,20524,14100600,43,0.62,620
-14467.86026,6716972.959,0,64,51.537753,-0.129967,1.48,20524,14100700,43,0.62,621
-14467.63762,6716965.8,0,65,51.537713,-0.129965,1.19,20524,14100800,43,0.62,620
-14467.08102,6716959.894,0,66,51.53768,-0.12996,1.53,20524,14100900,43,0.62,619
-14465.96783,6716954.525,0,67,51.53765,-0.12995,2.22,20524,14101000,42,0.62,619
-14465.18859,6716950.946,0,68,51.53763,-0.129943,2.17,20524,14101100,43,0.62,619
-14464.29804,6716944.324,0,69,51.537593,-0.129935,1.67,20524,14101200,43,0.62,620
-14462.85088,6716933.049,0,70,51.53753,-0.129922,1.48,20524,14101300,43,0.62,620
-14462.85088,6716911.573,0,71,51.53741,-0.129922,1.48,20524,14101500,42,0.62,620
-14462.62824,6716907.635,0,72,51.537388,-0.12992,1.83,20524,14101600,42,0.62,618
-14462.4056,6716903.877,0,73,51.537367,-0.129918,1.83,20524,14101700,42,0.62,618
-14462.07165,6716899.403,0,74,51.537342,-0.129915,1.83,20524,14101800,42,0.62,618
-14461.84901,6716892.781,0,75,51.537305,-0.129913,2.39,20524,14101900,43,0.62,621
-14473.42623,6716854.84,0,76,51.537093,-0.130017,3,20524,14102000,43,0.62,617
-14472.0904,6716853.05,0,77,51.537083,-0.130005,2.07,20524,14102100,42,0.62,617
-14470.75457,6716849.47,0,78,51.537063,-0.129993,2.11,20524,14102200,43,0.62,617
-14468.97345,6716850.365,0,79,51.537068,-0.129977,2.44,20524,14102300,42,0.62,617
-14463.74144,6716859.314,0,80,51.537118,-0.12993,1.3,20524,14102400,43,0.62,618
-14458.73206,6716869.157,0,81,51.537173,-0.129885,1.84,20524,14102500,42,0.62,618
-14451.16234,6716882.401,0,82,51.537247,-0.129817,2.13,20524,14102700,42,0.62,618
-14448.15671,6716885.264,0,83,51.537263,-0.12979,1.39,20524,14102800,43,0.62,618
-14446.26428,6716887.054,0,84,51.537273,-0.129773,0,20524,14102900,42,0.62,618
-14443.70393,6716887.77,0,85,51.537277,-0.12975,0,20524,14103000,42,0.62,618
-14443.70393,6716887.77,0,86,51.537277,-0.12975,0,20524,14103100,42,0.62,617
-14443.70393,6716887.77,0,87,51.537277,-0.12975,0,20524,14103200,43,0.62,618
-14443.70393,6716887.77,0,88,51.537277,-0.12975,0,20524,14103300,42,0.62,617
-14443.70393,6716887.77,0,89,51.537277,-0.12975,0,20524,14103400,42,0.62,615
-14443.70393,6716887.77,0,90,51.537277,-0.12975,0,20524,14103500,42,0.62,614
-14443.70393,6716887.77,0,91,51.537277,-0.12975,0,20524,14103600,42,0.62,616
-14443.70393,6716887.77,0,92,51.537277,-0.12975,0,20524,14103700,43,0.62,617
-14436.24552,6716887.412,0,93,51.537275,-0.129683,1.43,20524,14103800,42,0.62,620
-14433.90782,6716885.085,0,94,51.537262,-0.129662,1.62,20524,14104000,42,0.62,618
-14433.90782,6716885.264,0,95,51.537263,-0.129662,1.62,20524,14104100,42,0.62,618
-14433.46254,6716884.727,0,96,51.53726,-0.129658,1.42,20524,14104200,42,0.62,619
-14432.90594,6716885.085,0,97,51.537262,-0.129653,1.42,20524,14104300,43,0.62,619
-14432.79462,6716885.085,0,98,51.537262,-0.129652,1.17,20524,14104400,43,0.62,619
-14432.34934,6716885.085,0,99,51.537262,-0.129648,0.98,20524,14104500,43,0.62,616
-14431.45879,6716885.264,0,100,51.537263,-0.12964,1.05,20524,14104600,42,0.62,618
-14430.34559,6716886.875,0,101,51.537272,-0.12963,1.05,20524,14104700,42,0.62,617
-14429.45504,6716886.517,0,102,51.53727,-0.129622,1.01,20524,14104800,42,0.62,618
-14429.00976,6716887.77,0,103,51.537277,-0.129618,1.21,20524,14104900,42,0.62,618
-14428.6758,6716888.843,0,104,51.537283,-0.129615,1.5,20524,14105000,42,0.62,618
-14427.00601,6716888.307,0,105,51.53728,-0.1296,1.52,20524,14105100,42,0.62,618
-14427.00601,6716888.665,0,106,51.537282,-0.1296,1.52,20524,14105300,42,0.62,617
-14428.1192,6716887.054,0,107,51.537273,-0.12961,1.52,20524,14105400,42,0.62,617
-14430.67955,6716883.832,0,108,51.537255,-0.129633,1.58,20524,14105500,43,0.62,618
-14431.79274,6716880.253,0,109,51.537235,-0.129643,1.61,20524,14105600,42,0.62,617
-14432.34934,6716875.421,0,110,51.537208,-0.129648,2.05,20524,14105700,42,0.62,619
-14433.90782,6716872.736,0,111,51.537193,-0.129662,2.5,20524,14105800,43,0.62,622
-14436.13421,6716873.631,0,112,51.537198,-0.129682,2.69,20524,14105900,43,0.62,621
-14435.35497,6716870.768,0,113,51.537182,-0.129675,2.76,20524,14110000,43,0.62,623
-14434.24177,6716868.62,0,114,51.53717,-0.129665,2.83,20524,14110100,43,0.62,623
-14432.57198,6716866.472,0,115,51.537158,-0.12965,2.76,20524,14110200,43,0.62,623
-14430.90219,6716862.893,0,116,51.537138,-0.129635,2.31,20524,14110300,43,0.62,622
-14427.33997,6716857.882,0,117,51.53711,-0.129603,2.15,20524,14110500,43,0.62,621
-14423.88906,6716847.144,0,118,51.53705,-0.129572,1.84,20524,14110600,43,0.62,622
-14423.33246,6716845.354,0,119,51.53704,-0.129567,1.89,20524,14110700,43,0.62,622
-14420.6608,6716839.448,0,120,51.537007,-0.129543,1.85,20524,14110800,42,0.62,622
-14416.98725,6716831.932,0,121,51.536965,-0.12951,1.66,20524,14110900,43,0.62,622
-14373.01605,6716833.184,0,122,51.536972,-0.129115,1.32,20524,14111000,43,0.62,620
-14365.55765,6716831.932,0,123,51.536965,-0.129048,1.59,20524,14111100,42,0.62,621
-14360.77091,6716839.627,0,124,51.537008,-0.129005,1.63,20524,14111200,42,0.62,621
-14356.09549,6716843.028,0,125,51.537027,-0.128963,0,20524,14111300,43,0.62,621
-14355.42757,6716840.343,0,126,51.537012,-0.128957,0,20524,14111400,42,0.62,623
-14352.42195,6716836.764,0,127,51.536992,-0.12893,0,20524,14111500,42,0.62,625
-14349.8616,6716834.079,0,128,51.536977,-0.128907,2.74,20524,14111600,43,0.62,624
-14342.40319,6716832.29,0,129,51.536967,-0.12884,2.74,20524,14111800,43,0.62,621
-14340.7334,6716831.395,0,130,51.536962,-0.128825,2.52,20524,14111900,42,0.62,620
-14337.39382,6716831.932,0,131,51.536965,-0.128795,2.55,20524,14112000,43,0.62,620
-14334.94479,6716832.469,0,132,51.536968,-0.128773,2.55,20524,14112100,42,0.62,622
-14333.16368,6716832.469,0,133,51.536968,-0.128757,2.75,20524,14112200,43,0.62,624
-14330.49201,6716835.869,0,134,51.536987,-0.128733,2.08,20524,14112300,43,0.62,626
-14327.70902,6716836.943,0,135,51.536993,-0.128708,2.28,20524,14112400,43,0.62,624
-14325.92791,6716837.659,0,136,51.536997,-0.128692,1.54,20524,14112500,43,0.62,625
-14322.69964,6716837.838,0,137,51.536998,-0.128663,1.19,20524,14112600,43,0.62,626
-14320.1393,6716837.301,0,138,51.536995,-0.12864,2.37,20524,14112700,43,0.62,627
-14319.24874,6716836.764,0,139,51.536992,-0.128632,1.05,20524,14112800,43,0.62,624
-14317.13367,6716838.196,0,140,51.537,-0.128613,3.04,20524,14112900,43,0.62,624
-14316.02047,6716837.301,0,141,51.536995,-0.128603,1.67,20524,14113100,43,0.62,624
-14314.01672,6716839.985,0,142,51.53701,-0.128585,1.67,20524,14113200,42,0.62,623
-14312.34693,6716843.028,0,143,51.537027,-0.12857,1.67,20524,14113300,42,0.62,624
-14311.79033,6716845.891,0,144,51.537043,-0.128565,1.67,20524,14113400,43,0.62,624
-14310.34318,6716848.039,0,145,51.537055,-0.128552,2.81,20524,14113500,43,0.62,625
-14308.67339,6716850.723,0,146,51.53707,-0.128537,2.84,20524,14113600,42,0.62,623
-14307.67151,6716852.871,0,147,51.537082,-0.128528,3.18,20524,14113700,42,0.62,621
-14306.78096,6716854.303,0,148,51.53709,-0.12852,2.43,20524,14113800,42,0.62,621
-14306.22436,6716856.45,0,149,51.537102,-0.128515,2.08,20524,14113900,42,0.62,623
-14305.3338,6716857.882,0,150,51.53711,-0.128507,1.65,20524,14114000,42,0.62,627
-14304.88853,6716859.135,0,151,51.537117,-0.128503,2.04,20524,14114100,42,0.62,624
-14303.99797,6716861.998,0,152,51.537133,-0.128495,2.04,20524,14114300,43,0.62,622
-14303.21873,6716862.893,0,153,51.537138,-0.128488,2.04,20524,14114400,42,0.62,622
-14303.10741,6716863.788,0,154,51.537143,-0.128487,2.04,20524,14114500,42,0.62,624
-14301.99422,6716865.578,0,155,51.537153,-0.128477,2.04,20524,14114600,42,0.62,623
-14301.43762,6716867.725,0,156,51.537165,-0.128472,2.05,20524,14114700,42,0.62,622
-14301.21498,6716871.841,0,157,51.537188,-0.12847,2.08,20524,14114800,43,0.62,622
-14300.43575,6716874.347,0,158,51.537202,-0.128463,2.87,20524,14114900,42,0.62,622
-14296.53956,6716876.137,0,159,51.537212,-0.128428,3.07,20524,14115000,42,0.62,622
-14295.87165,6716878.463,0,160,51.537225,-0.128422,2.83,20524,14115100,42,0.62,622
-14295.98297,6716879.716,0,161,51.537232,-0.128423,2.78,20524,14115200,42,0.62,622
-14295.87165,6716881.148,0,162,51.53724,-0.128422,2.09,20524,14115300,42,0.62,621
-14295.98297,6716883.295,0,163,51.537252,-0.128423,2.52,20524,14115400,42,0.62,623
-14294.31317,6716888.843,0,164,51.537283,-0.128408,2.6,20524,14115600,42,0.62,624
-14293.08866,6716891.528,0,165,51.537298,-0.128397,2.6,20524,14115700,42,0.62,623
-14291.53019,6716894.57,0,166,51.537315,-0.128383,2.6,20524,14115800,42,0.62,623
-14289.74907,6716895.107,0,167,51.537318,-0.128367,2.6,20524,14115900,42,0.62,622
-14283.6265,6716893.676,0,168,51.53731,-0.128312,1.47,20524,14120000,42,0.62,623
-14281.40011,6716894.57,0,169,51.537315,-0.128292,1.51,20524,14120100,42,0.62,623
-14280.39824,6716895.823,0,170,51.537322,-0.128283,2.06,20524,14120200,42,0.62,626
-14279.17372,6716896.897,0,171,51.537328,-0.128272,1.88,20524,14120300,43,0.62,627
-14278.72845,6716898.15,0,172,51.537335,-0.128268,1.85,20524,14120400,42,0.62,625
-14274.4983,6716898.687,0,173,51.537338,-0.12823,1.54,20524,14120500,42,0.62,624
-14270.60212,6716898.687,0,174,51.537338,-0.128195,2.24,20524,14120600,42,0.62,624
-14264.25691,6716896.718,0,175,51.537327,-0.128138,2.24,20524,14120800,42,0.62,626
-14261.69656,6716894.57,0,176,51.537315,-0.128115,2.24,20524,14120900,43,0.62,626
-14259.80413,6716892.423,0,177,51.537303,-0.128098,2.24,20524,14121000,42,0.62,623
-14257.80038,6716890.454,0,178,51.537292,-0.12808,2.24,20524,14121100,42,0.62,624
-14256.46455,6716889.201,0,179,51.537285,-0.128068,2.01,20524,14121200,42,0.62,626
-14255.35135,6716887.949,0,180,51.537278,-0.128058,1.62,20524,14121300,42,0.62,626
-14253.57024,6716886.517,0,181,51.53727,-0.128042,1.39,20524,14121400,42,0.62,624
-14252.01177,6716885.264,0,182,51.537263,-0.128028,1.38,20524,14121500,42,0.62,624
-14250.00802,6716884.19,0,183,51.537257,-0.12801,1.35,20524,14121600,40,0.62,626
-14245.3326,6716881.685,0,184,51.537243,-0.127968,1.4,20524,14121700,42,0.62,627
-14242.54961,6716880.253,0,185,51.537235,-0.127943,1.59,20524,14121800,42,0.62,626
-14239.43266,6716879,0,186,51.537228,-0.127915,1.25,20524,14121900,43,0.62,625
-14236.42704,6716876.316,0,187,51.537213,-0.127888,1.25,20524,14122100,42,0.62,626
-14235.87044,6716874.347,0,188,51.537202,-0.127883,1.28,20524,14122200,42,0.62,627
-14234.97989,6716872.557,0,189,51.537192,-0.127875,1.28,20524,14122300,43,0.62,626
-14234.20065,6716871.305,0,190,51.537185,-0.127868,1.28,20524,14122400,42,0.62,625
-14233.08745,6716869.515,0,191,51.537175,-0.127858,1.44,20524,14122500,42,0.62,626
-14233.64405,6716865.936,0,192,51.537155,-0.127863,1.48,20524,14122600,42,0.62,627
-14233.53273,6716863.788,0,193,51.537143,-0.127862,1.92,20524,14122700,43,0.62,627
-14233.86669,6716861.819,0,194,51.537132,-0.127865,1.96,20524,14122800,42,0.62,626
-14233.31009,6716859.135,0,195,51.537117,-0.12786,2,20524,14122900,42,0.62,625
-14233.08745,6716857.524,0,196,51.537108,-0.127858,2.06,20524,14123000,42,0.62,628
-14232.97613,6716856.092,0,197,51.5371,-0.127857,2.06,20524,14123100,42,0.62,627
-14232.7535,6716852.871,0,198,51.537082,-0.127855,2.07,20524,14123300,42,0.62,626
-14233.53273,6716849.828,0,199,51.537065,-0.127862,2.06,20524,14123400,42,0.62,626
-14234.08933,6716848.039,0,200,51.537055,-0.127867,2.52,20524,14123500,40,0.62,628
-14234.20065,6716844.459,0,201,51.537035,-0.127868,2.59,20524,14123600,42,0.62,626
-14234.97989,6716842.312,0,202,51.537023,-0.127875,2.77,20524,14123700,42,0.62,627
-14234.97989,6716842.312,0,203,51.537023,-0.127875,2.78,20524,14123700,42,0.62,625
-14235.31384,6716839.448,0,204,51.537007,-0.127878,2.78,20524,14123800,42,0.62,625
-14235.31384,6716839.448,0,205,51.537007,-0.127878,2.82,20524,14123800,42,0.62,625
-14235.75912,6716836.048,0,206,51.536988,-0.127882,2.82,20524,14123900,42,0.62,627
-14236.42704,6716834.616,0,207,51.53698,-0.127888,2.82,20524,14124000,42,0.62,627
-14236.42704,6716834.616,0,208,51.53698,-0.127888,2.84,20524,14124000,42,0.62,625
-14236.42704,6716832.469,0,209,51.536968,-0.127888,2.84,20524,14124100,42,0.62,627
-14236.42704,6716832.469,0,210,51.536968,-0.127888,2.81,20524,14124100,42,0.62,625
-14236.09308,6716823.878,0,211,51.53692,-0.127885,2.81,20524,14124300,41,0.62,626
-14236.09308,6716823.878,0,212,51.53692,-0.127885,3.04,20524,14124300,42,0.62,626
-14235.87044,6716820.657,0,213,51.536902,-0.127883,3.04,20524,14124400,42,0.62,626
-14235.87044,6716820.657,0,214,51.536902,-0.127883,3.06,20524,14124400,42,0.62,626
-14235.20252,6716819.046,0,215,51.536893,-0.127877,3.06,20524,14124500,42,0.62,626
-14235.20252,6716819.046,0,216,51.536893,-0.127877,3.03,20524,14124500,42,0.62,626
-14234.64593,6716817.614,0,217,51.536885,-0.127872,3.03,20524,14124600,42,0.62,626
-14234.64593,6716817.614,0,218,51.536885,-0.127872,2.98,20524,14124600,42,0.62,626
-14232.97613,6716815.288,0,219,51.536872,-0.127857,2.98,20524,14124800,42,0.62,625
-14232.97613,6716815.288,0,220,51.536872,-0.127857,2.87,20524,14124800,42,0.62,627
-14232.7535,6716815.288,0,221,51.536872,-0.127855,2.87,20524,14124900,42,0.62,626
-14232.7535,6716814.572,0,222,51.536868,-0.127855,2.87,20524,14125000,42,0.62,626
-14232.7535,6716814.572,0,223,51.536868,-0.127855,2.61,20524,14125000,42,0.62,627
-14232.53086,6716813.14,0,224,51.53686,-0.127853,2.61,20524,14125100,42,0.62,627
-14231.6403,6716812.603,0,225,51.536857,-0.127845,2.61,20524,14125200,42,0.62,627
-14231.6403,6716812.603,0,226,51.536857,-0.127845,2.55,20524,14125200,43,0.62,627
-14231.41766,6716811.708,0,227,51.536852,-0.127843,2.55,20524,14125300,42,0.62,627
-14231.41766,6716811.708,0,228,51.536852,-0.127843,2.52,20524,14125300,42,0.62,628
-14231.86294,6716813.14,0,229,51.53686,-0.127847,2.52,20524,14125400,42,0.62,627
-14232.1969,6716812.603,0,230,51.536857,-0.12785,2.52,20524,14125500,40,0.62,627
-14232.1969,6716812.603,0,231,51.536857,-0.12785,2.34,20524,14125500,42,0.62,627
-14231.86294,6716809.203,0,232,51.536838,-0.127847,2.34,20524,14125600,42,0.62,627
-14231.86294,6716809.203,0,233,51.536838,-0.127847,2.52,20524,14125600,42,0.62,627
-14231.41766,6716805.087,0,234,51.536815,-0.127843,2.52,20524,14125700,42,0.62,627
-14231.0837,6716800.97,0,235,51.536792,-0.12784,2.52,20524,14125800,42,0.62,627
-14231.0837,6716800.97,0,236,51.536792,-0.12784,2.82,20524,14125800,42,0.62,628
-14230.86106,6716797.391,0,237,51.536772,-0.127838,2.82,20524,14125900,42,0.62,627
-14229.63655,6716794.885,0,238,51.536758,-0.127827,2.82,20524,14130000,42,0.62,629
-14229.63655,6716794.885,0,239,51.536758,-0.127827,3,20524,14130000,42,0.62,627
-14228.63467,6716793.096,0,240,51.536748,-0.127818,3,20524,14130100,42,0.62,628
-14228.63467,6716793.096,0,241,51.536748,-0.127818,2.98,20524,14130100,42,6.73,628
-14227.18752,6716792.559,0,242,51.536745,-0.127805,2.98,20524,14130200,42,6.73,628
-14227.18752,6716792.559,0,243,51.536745,-0.127805,2.73,20524,14130200,42,6.73,627
-14226.63092,6716788.622,0,244,51.536723,-0.1278,2.73,20524,14130300,42,6.73,628
-14226.63092,6716788.622,0,245,51.536723,-0.1278,3.1,20524,14130300,42,6.73,627
-14224.96113,6716783.253,0,246,51.536693,-0.127785,3.1,20524,14130500,42,6.73,628
-14224.96113,6716783.253,0,247,51.536693,-0.127785,2.88,20524,14130500,43,6.73,629
-14223.51398,6716783.074,0,248,51.536692,-0.127772,2.88,20524,14130600,42,6.73,628
-14221.9555,6716782.358,0,249,51.536688,-0.127758,2.88,20524,14130700,43,6.73,629
-14221.62155,6716780.568,0,250,51.536678,-0.127755,2.74,20524,14130800,43,6.73,630
-14222.17814,6716772.873,0,251,51.536635,-0.12776,2.74,20524,14130900,43,6.73,628
-14221.62155,6716770.546,0,252,51.536622,-0.127755,2.74,20524,14131000,43,6.73,629
-14221.9555,6716766.251,0,253,51.536598,-0.127758,2.92,20524,14131100,43,6.73,629
-14225.51773,6716751.039,0,254,51.536513,-0.12779,2.99,20524,14131200,43,6.73,630
-14224.07058,6716751.755,0,255,51.536517,-0.127777,3.05,20524,14131300,43,6.73,627
-14224.40453,6716750.144,0,256,51.536508,-0.12778,2.75,20524,14131400,43,6.73,628
-14224.73849,6716748.175,0,257,51.536497,-0.127783,2.12,20524,14131500,42,6.73,627
-14224.96113,6716746.386,0,258,51.536487,-0.127785,2.12,20524,14131600,42,6.73,629
-14224.96113,6716744.775,0,259,51.536478,-0.127785,2.08,20524,14131700,43,6.73,631
-14224.62717,6716743.343,0,260,51.53647,-0.127782,2.05,20524,14131800,43,6.73,631
-14222.40078,6716741.911,0,261,51.536462,-0.127762,2.07,20524,14131900,43,6.73,630
-14221.28759,6716741.196,0,262,51.536458,-0.127752,2.14,20524,14132000,43,6.73,628
-14219.0612,6716740.122,0,263,51.536452,-0.127732,2.12,20524,14132100,43,6.73,629
-14216.83481,6716739.406,0,264,51.536448,-0.127712,2.35,20524,14132200,43,6.73,631
-14214.94238,6716737.974,0,265,51.53644,-0.127695,2.13,20524,14132400,43,6.73,632
-14214.05182,6716736.721,0,266,51.536433,-0.127687,2.16,20524,14132500,43,6.73,632
-14212.71599,6716736.543,0,267,51.536432,-0.127675,2.16,20524,14132600,43,6.73,631
-14211.04619,6716735.827,0,268,51.536428,-0.12766,2.16,20524,14132700,42,6.73,628
-14209.933,6716734.932,0,269,51.536423,-0.12765,2.26,20524,14132800,43,6.73,628
-14207.37265,6716734.932,0,270,51.536423,-0.127627,2.16,20524,14132900,42,6.73,628
-14206.37078,6716734.037,0,271,51.536418,-0.127618,2.09,20524,14133000,42,6.73,628
-14207.15001,6716730.279,0,272,51.536397,-0.127625,2.07,20524,14133100,43,1.15,629
-14208.04057,6716726.699,0,273,51.536377,-0.127633,2.05,20524,14133200,43,1.15,631
-14207.37265,6716723.657,0,274,51.53636,-0.127627,2.08,20524,14133300,43,1.15,633
-14206.03682,6716722.225,0,275,51.536352,-0.127615,2.13,20524,14133400,43,1.15,633
-14205.81418,6716719.183,0,276,51.536335,-0.127613,2.19,20524,14133500,43,1.15,631
-14204.70098,6716712.919,0,277,51.5363,-0.127603,2.23,20524,14133700,42,1.15,630
-14203.81043,6716709.877,0,278,51.536283,-0.127595,2.52,20524,14133800,43,1.15,631
-14203.25383,6716707.55,0,279,51.53627,-0.12759,2.46,20524,14133900,42,1.15,631
-14203.25383,6716703.434,0,280,51.536247,-0.12759,2.19,20524,14134000,43,1.15,632
-14203.03119,6716701.286,0,281,51.536235,-0.127588,2.19,20524,14134100,43,1.15,631
-14202.91987,6716699.139,0,282,51.536223,-0.127587,2.13,20524,14134200,43,1.15,631
-14202.47459,6716696.454,0,283,51.536208,-0.127583,2.09,20524,14134300,43,1.15,629
-14202.14064,6716695.023,0,284,51.5362,-0.12758,2.15,20524,14134400,43,1.15,628
-14201.58404,6716694.128,0,285,51.536195,-0.127575,2.08,20524,14134500,43,1.15,631
-14199.91425,6716692.875,0,286,51.536188,-0.12756,2.06,20524,14134600,43,1.15,632
-14198.46709,6716692.696,0,287,51.536187,-0.127547,2.15,20524,14134700,43,1.15,633
-14196.7973,6716691.085,0,288,51.536178,-0.127532,2.15,20524,14134900,43,1.15,635
-14196.2407,6716690.012,0,289,51.536172,-0.127527,1.58,20524,14135000,43,1.15,632
-14195.46147,6716689.117,0,290,51.536167,-0.12752,1.57,20524,14135100,43,1.15,630
-14194.90487,6716686.969,0,291,51.536155,-0.127515,1.57,20524,14135200,43,1.15,628
-14194.68223,6716686.432,0,292,51.536152,-0.127513,2.23,20524,14135300,43,1.15,629
-14194.01431,6716685.538,0,293,51.536147,-0.127507,1.86,20524,14135400,43,1.15,630
-14193.23508,6716684.285,0,294,51.53614,-0.1275,1.92,20524,14135500,43,1.15,632
-14192.12188,6716683.748,0,295,51.536137,-0.12749,2.12,20524,14135600,43,1.15,633
-14191.00869,6716682.495,0,296,51.53613,-0.12748,2.05,20524,14135700,43,1.15,633
-14190.11813,6716681.063,0,297,51.536122,-0.127472,2.29,20524,14135800,43,1.15,632
-14189.33889,6716679.453,0,298,51.536113,-0.127465,2.64,20524,14135900,43,1.15,632
-14188.55966,6716677.126,0,299,51.5361,-0.127458,4.36,20524,14140000,43,1.15,632
-14186.22195,6716675.337,0,300,51.53609,-0.127437,4.36,20524,14140200,43,0.62,632
-14185.66535,6716674.979,0,301,51.536088,-0.127432,3.21,20524,14140300,43,0.62,632
-14184.88611,6716675.695,0,302,51.536092,-0.127425,3.21,20524,14140400,43,0.62,631
-14184.10688,6716675.337,0,303,51.53609,-0.127418,3.21,20524,14140500,43,0.62,630
-14183.43896,6716674.8,0,304,51.536087,-0.127412,1.96,20524,14140600,43,0.62,630
-14182.88236,6716672.294,0,305,51.536073,-0.127407,1.92,20524,14140700,43,0.62,631
-14182.10313,6716671.399,0,306,51.536068,-0.1274,2.61,20524,14140800,43,0.62,630
-14180.98993,6716669.431,0,307,51.536057,-0.12739,2.38,20524,14140900,43,0.62,630
-14180.09938,6716666.746,0,308,51.536042,-0.127382,2.69,20524,14141000,43,0.62,631
-14179.32014,6716665.136,0,309,51.536033,-0.127375,3.16,20524,14141100,43,0.62,631
-14178.76354,6716663.346,0,310,51.536023,-0.12737,2.43,20524,14141200,43,0.62,631
-14177.31639,6716659.767,0,311,51.536003,-0.127357,2.47,20524,14141400,43,0.62,631
-14176.75979,6716657.798,0,312,51.535992,-0.127352,2.43,20524,14141500,43,0.62,631
-14175.98056,6716656.009,0,313,51.535982,-0.127345,2.43,20524,14141600,43,0.62,629
-14175.20132,6716654.219,0,314,51.535972,-0.127338,2.43,20524,14141700,40,0.62,629
-14175.20132,6716650.819,0,315,51.535953,-0.127338,2.55,20524,14141800,43,0.62,633
-14174.31076,6716648.85,0,316,51.535942,-0.12733,3.79,20524,14141900,43,0.62,634
-14173.53153,6716647.239,0,317,51.535933,-0.127323,2.54,20524,14142000,43,0.62,634
-14172.97493,6716644.555,0,318,51.535918,-0.127318,1.99,20524,14142100,43,0.62,632
-14172.64097,6716642.228,0,319,51.535905,-0.127315,3.05,20524,14142200,42,0.62,628
-14172.86361,6716639.007,0,320,51.535887,-0.127317,3.02,20524,14142300,42,0.62,631
-14172.08437,6716636.323,0,321,51.535872,-0.12731,4.29,20524,14142400,43,0.62,632
-14171.86173,6716631.133,0,322,51.535843,-0.127308,3,20524,14142600,43,0.62,634
-14171.19382,6716629.164,0,323,51.535832,-0.127302,3,20524,14142700,43,0.62,634
-14171.30514,6716625.764,0,324,51.535813,-0.127303,3,20524,14142800,43,0.62,634
-14171.52778,6716624.332,0,325,51.535805,-0.127305,3,20524,14142900,43,0.62,633
-14170.19194,6716622.9,0,326,51.535797,-0.127293,3,20524,14143000,43,0.62,631
-14169.30139,6716620.753,0,327,51.535785,-0.127285,1.83,20524,14143100,43,0.62,631
-14167.96555,6716618.068,0,328,51.53577,-0.127273,2.26,20524,14143200,43,0.62,632
-14166.85236,6716616.279,0,329,51.53576,-0.127263,2.3,20524,14143300,43,0.62,633
-14165.62784,6716613.594,0,330,51.535745,-0.127252,2.3,20524,14143400,43,0.62,633
-14164.62597,6716611.447,0,331,51.535733,-0.127243,3.08,20524,14143500,43,0.62,632
-14163.17881,6716608.762,0,332,51.535718,-0.12723,2.51,20524,14143600,43,0.62,631
-14162.28826,6716606.078,0,333,51.535703,-0.127222,3.62,20524,14143700,43,0.62,630
-14160.06187,6716602.856,0,334,51.535685,-0.127202,3.62,20524,14143900,42,0.62,631
-14159.05999,6716602.32,0,335,51.535682,-0.127193,3.62,20524,14144000,43,0.62,635
-14158.39208,6716601.067,0,336,51.535675,-0.127187,1.93,20524,14144100,43,0.62,636
-14157.61284,6716600.709,0,337,51.535673,-0.12718,1.98,20524,14144200,43,0.62,636
-14156.27701,6716599.635,0,338,51.535667,-0.127168,1.23,20524,14144300,43,0.62,633
-14155.38645,6716598.024,0,339,51.535658,-0.12716,1.9,20524,14144400,43,0.62,631
-14154.05062,6716597.846,0,340,51.535657,-0.127148,2.12,20524,14144500,43,0.62,631
-14153.3827,6716596.056,0,341,51.535647,-0.127142,1.85,20524,14144600,43,0.62,631
-14152.04686,6716593.908,0,342,51.535635,-0.12713,2.06,20524,14144700,41,0.62,633
-14151.15631,6716592.656,0,343,51.535628,-0.127122,2.59,20524,14144800,43,0.62,632
-14150.15443,6716589.792,0,344,51.535612,-0.127113,2.53,20524,14144900,43,0.62,631
-14149.04124,6716588.182,0,345,51.535603,-0.127103,2.75,20524,14145000,43,0.62,632
-14147.03749,6716584.602,0,346,51.535583,-0.127085,2.82,20524,14145200,43,0.62,634
-14145.92429,6716583.171,0,347,51.535575,-0.127075,2.82,20524,14145300,43,0.62,635
-14145.03374,6716581.381,0,348,51.535565,-0.127067,2.82,20524,14145400,43,0.62,635
-14143.6979,6716579.055,0,349,51.535552,-0.127055,2.82,20524,14145500,43,0.62,633
-14143.14131,6716576.907,0,350,51.53554,-0.12705,4.93,20524,14145600,43,0.62,631
-14142.36207,6716573.686,0,351,51.535522,-0.127043,3.46,20524,14145700,40,0.62,630
-14141.24887,6716570.106,0,352,51.535502,-0.127033,3.82,20524,14145800,42,0.62,630
-14140.58096,6716568.854,0,353,51.535495,-0.127027,3.83,20524,14145900,42,0.62,633
-14139.80172,6716568.317,0,354,51.535492,-0.12702,1.36,20524,14150000,43,0.62,634
-14139.02248,6716566.706,0,355,51.535483,-0.127013,1.8,20524,14150100,43,0.62,635
-14137.90929,6716565.274,0,356,51.535475,-0.127003,2.31,20524,14150200,41,0.62,636
-14135.1263,6716562.232,0,357,51.535458,-0.126978,2.31,20524,14150400,43,0.62,633
-14134.23575,6716561.158,0,358,51.535452,-0.12697,2.36,20524,14150500,42,0.62,632
-14133.12255,6716558.653,0,359,51.535438,-0.12696,2.34,20524,14150600,42,0.62,634
-14132.232,6716557.221,0,360,51.53543,-0.126952,2.34,20524,14150700,43,0.62,634
-14131.45276,6716555.789,0,361,51.535422,-0.126945,2.43,20524,14150800,43,0.62,633
-14130.5622,6716554,0,362,51.535412,-0.126937,2.43,20524,14150900,43,0.62,633
-14129.44901,6716551.852,0,363,51.5354,-0.126927,2.47,20524,14151000,43,0.62,634
-14128.66977,6716549.168,0,364,51.535385,-0.12692,2.78,20524,14151100,43,0.62,631
-14127.55658,6716546.484,0,365,51.53537,-0.12691,2.81,20524,14151200,43,0.62,633
-14126.66602,6716544.694,0,366,51.53536,-0.126902,2.81,20524,14151300,43,0.62,634
-14125.55283,6716542.546,0,367,51.535348,-0.126892,2.85,20524,14151400,43,0.62,635
-14124.77359,6716541.473,0,368,51.535342,-0.126885,2.61,20524,14151500,43,0.62,634
-14122.88116,6716538.072,0,369,51.535323,-0.126868,2.61,20524,14151700,43,0.62,631
-14121.76796,6716535.388,0,370,51.535308,-0.126858,2.61,20524,14151800,43,0.62,631
-14120.32081,6716533.956,0,371,51.5353,-0.126845,3.36,20524,14151900,43,0.62,633
-14118.98498,6716532.525,0,372,51.535292,-0.126833,2.88,20524,14152000,43,0.62,635
-14117.87178,6716530.914,0,373,51.535283,-0.126823,2.41,20524,14152100,43,0.62,636
-14116.75859,6716529.124,0,374,51.535273,-0.126813,2.77,20524,14152200,43,0.62,635
-14115.64539,6716528.051,0,375,51.535267,-0.126803,2.75,20524,14152300,43,0.62,635
-14114.5322,6716527.156,0,376,51.535262,-0.126793,2.08,20524,14152400,43,0.62,635
-14113.419,6716526.261,0,377,51.535257,-0.126783,1.61,20524,14152500,43,0.62,636
-14111.74921,6716525.545,0,378,51.535253,-0.126768,1.89,20524,14152600,43,0.62,635
-14109.9681,6716524.65,0,379,51.535248,-0.126752,2.89,20524,14152700,43,0.62,631
-14106.73983,6716521.071,0,380,51.535228,-0.126723,2.89,20524,14152900,43,0.62,631
-14105.62664,6716519.997,0,381,51.535222,-0.126713,2.23,20524,14153000,43,0.62,634
-14103.95684,6716518.745,0,382,51.535215,-0.126698,2.23,20524,14153100,43,0.62,635
-14102.84365,6716516.955,0,383,51.535205,-0.126688,2.6,20524,14153200,43,0.62,635
-14101.95309,6716514.807,0,384,51.535193,-0.12668,2.68,20524,14153300,43,0.62,633
-14100.8399,6716513.376,0,385,51.535185,-0.12667,3.36,20524,14153400,43,0.62,634
-14099.7267,6716513.734,0,386,51.535187,-0.12666,2.95,20524,14153500,43,0.62,635
-14098.05691,6716513.018,0,387,51.535183,-0.126645,2.39,20524,14153600,42,0.62,634
-14096.72108,6716511.944,0,388,51.535177,-0.126633,2.17,20524,14153700,43,0.62,633
-14095.49656,6716510.154,0,389,51.535167,-0.126622,2.52,20524,14153800,43,0.62,632
-14094.16073,6716508.365,0,390,51.535157,-0.12661,3.11,20524,14153900,42,0.62,633
-14093.04753,6716506.217,0,391,51.535145,-0.1266,2.3,20524,14154000,43,0.62,635
-14090.48719,6716501.385,0,392,51.535118,-0.126577,2.3,20524,14154200,43,0.62,638
-14088.81739,6716499.059,0,393,51.535105,-0.126562,2.3,20524,14154300,43,0.62,638
-14087.1476,6716497.269,0,394,51.535095,-0.126547,2.3,20524,14154400,43,0.62,637
-14085.25517,6716495.48,0,395,51.535085,-0.12653,2.3,20524,14154500,43,0.62,633
-14083.80802,6716494.048,0,396,51.535077,-0.126517,2.77,20524,14154600,42,0.62,632
-14082.13822,6716492.437,0,397,51.535068,-0.126502,2.74,20524,14154700,43,0.62,633
-14080.46843,6716491.364,0,398,51.535062,-0.126487,2.92,20524,14154800,43,0.62,634
-14078.90996,6716490.111,0,399,51.535055,-0.126473,2.38,20524,14154900,43,0.62,635
-14077.24017,6716488.679,0,400,51.535047,-0.126458,2.89,20524,14155000,43,0.62,635
-14075.45905,6716487.784,0,401,51.535042,-0.126442,3.28,20524,14155100,43,0.62,634
-14073.78926,6716486.532,0,402,51.535035,-0.126427,3.22,20524,14155200,43,0.62,634
-14072.23079,6716485.1,0,403,51.535027,-0.126413,2.8,20524,14155300,43,0.62,634
-14069.33648,6716483.489,0,404,51.535018,-0.126387,2.03,20524,14155500,43,0.62,636
-14067.11009,6716483.31,0,405,51.535017,-0.126367,2.03,20524,14155600,43,0.62,636
-14064.99502,6716482.953,0,406,51.535015,-0.126348,2.03,20524,14155700,43,0.62,635
-14063.32523,6716482.595,0,407,51.535013,-0.126333,2.44,20524,14155800,43,0.62,635
-14061.32148,6716482.416,0,408,51.535012,-0.126315,2.45,20524,14155900,43,0.62,634
-14059.87433,6716482.058,0,409,51.53501,-0.126302,1.85,20524,14160000,43,0.62,635
-14058.87245,6716481.163,0,410,51.535005,-0.126293,1.46,20524,14160100,43,0.62,638
-14057.64794,6716480.626,0,411,51.535002,-0.126282,1.46,20524,14160200,43,0.62,637
-14056.08946,6716481.163,0,412,51.535005,-0.126268,1.69,20524,14160300,43,0.62,636
-14053.30648,6716482.416,0,413,51.535012,-0.126243,4.37,20524,14160400,43,0.62,633
-14051.08009,6716483.847,0,414,51.53502,-0.126223,3.41,20524,14160500,43,0.62,634
-14048.2971,6716488.858,0,415,51.535048,-0.126198,3.41,20524,14160700,43,0.62,636
-14047.1839,6716489.216,0,416,51.53505,-0.126188,3.41,20524,14160800,43,0.62,637
-14046.29335,6716488.321,0,417,51.535045,-0.12618,3.41,20524,14160900,43,0.62,634
-14044.40092,6716487.784,0,418,51.535042,-0.126163,3.41,20524,14161000,43,0.62,634
-14043.1764,6716487.963,0,419,51.535043,-0.126152,2.55,20524,14161100,43,0.62,635
-14041.50661,6716488.321,0,420,51.535045,-0.126137,2.31,20524,14161200,43,0.62,635
-14039.05758,6716487.963,0,421,51.535043,-0.126115,2.81,20524,14161300,43,0.62,633
-14037.72175,6716488.321,0,422,51.535045,-0.126103,2.57,20524,14161400,43,0.62,636
-14035.38404,6716488.858,0,423,51.535048,-0.126082,2.65,20524,14161500,43,0.62,637
-14032.71237,6716488.679,0,424,51.535047,-0.126058,3.67,20524,14161600,43,0.62,638
-14030.70862,6716489.574,0,425,51.535052,-0.12604,3.04,20524,14161700,43,0.62,636
-14028.81619,6716489.753,0,426,51.535053,-0.126023,2.78,20524,14161800,42,0.62,635
-14024.92001,6716493.153,0,427,51.535072,-0.125988,2.85,20524,14162000,43,0.62,633
-14022.91626,6716493.332,0,428,51.535073,-0.12597,2.85,20524,14162100,42,0.62,633
-14020.68987,6716491.543,0,429,51.535063,-0.12595,2.85,20524,14162200,42,0.62,634
-14018.12952,6716489.216,0,430,51.53505,-0.125927,2.64,20524,14162300,43,0.62,635
-14015.90313,6716487.963,0,431,51.535043,-0.125907,2.83,20524,14162400,43,0.62,634
-14013.67674,6716486.174,0,432,51.535033,-0.125887,2.85,20524,14162500,43,0.62,633
-14011.00507,6716485.279,0,433,51.535028,-0.125863,3.04,20524,14162600,42,0.62,633
-14009.00132,6716485.279,0,434,51.535028,-0.125845,3.27,20524,14162700,43,0.62,635
-14006.77493,6716485.637,0,435,51.53503,-0.125825,3.29,20524,14162800,43,0.62,636
-14005.10514,6716484.742,0,436,51.535025,-0.12581,3.22,20524,14162900,43,0.62,635
-14003.10139,6716484.205,0,437,51.535022,-0.125792,2.5,20524,14163000,43,0.62,635
-14000.09576,6716481.7,0,438,51.535008,-0.125765,2.5,20524,14163200,43,0.62,636
-13998.42597,6716481.163,0,439,51.535005,-0.12575,2.47,20524,14163300,43,0.62,636
-13996.53354,6716482.953,0,440,51.535015,-0.125733,2.5,20524,14163400,43,0.62,635
-13994.30715,6716481.7,0,441,51.535008,-0.125713,2.74,20524,14163500,43,0.62,633
-13992.3034,6716481.521,0,442,51.535007,-0.125695,2.7,20524,14163600,43,0.62,634
-13990.29964,6716481.7,0,443,51.535008,-0.125677,2.29,20524,14163700,43,0.62,636
-13988.74117,6716482.953,0,444,51.535015,-0.125663,2.27,20524,14163800,43,0.62,637
-13987.62798,6716484.205,0,445,51.535022,-0.125653,2.06,20524,14163900,43,0.62,634
-13986.51478,6716486.532,0,446,51.535035,-0.125643,1.75,20524,14164000,42,0.62,632
-13985.29027,6716489.574,0,447,51.535052,-0.125632,2.58,20524,14164100,42,0.62,636
-13984.17707,6716491.006,0,448,51.53506,-0.125622,3.14,20524,14164200,43,0.62,635
-13982.84124,6716492.258,0,449,51.535067,-0.12561,2.47,20524,14164300,43,0.62,633
-13980.39221,6716493.69,0,450,51.535075,-0.125588,2.47,20524,14164500,42,0.62,633
-13977.27526,6716489.753,0,451,51.535053,-0.12556,2.47,20524,14164600,43,0.62,636
-13975.38283,6716490.648,0,452,51.535058,-0.125543,3.04,20524,14164700,43,0.62,639
-13973.15644,6716490.648,0,453,51.535058,-0.125523,3.04,20524,14164800,43,0.62,641
-13970.59609,6716491.901,0,454,51.535065,-0.1255,2.7,20524,14164900,43,0.62,639
-13968.9263,6716491.901,0,455,51.535065,-0.125485,2.64,20524,14165000,43,0.62,637
-13967.25651,6716492.437,0,456,51.535068,-0.12547,2.28,20524,14165100,43,0.62,635
-13965.36408,6716494.048,0,457,51.535077,-0.125453,2.35,20524,14165200,42,0.62,635
-13962.58109,6716492.258,0,458,51.535067,-0.125428,2.91,20524,14165300,43,0.62,636
-13960.79998,6716491.364,0,459,51.535062,-0.125412,2.67,20524,14165400,43,0.62,636
-13958.57359,6716493.332,0,460,51.535073,-0.125392,2.55,20524,14165500,42,0.62,634
-13955.01137,6716495.48,0,461,51.535085,-0.12536,2.53,20524,14165700,43,0.62,634
-13953.56421,6716497.269,0,462,51.535095,-0.125347,2.89,20524,14165800,42,0.62,633
-13952.45102,6716499.059,0,463,51.535105,-0.125337,2.89,20524,14165900,43,0.62,635
-13951.11518,6716502.101,0,464,51.535122,-0.125325,2.72,20524,14170000,43,0.62,635
-13950.00199,6716503.891,0,465,51.535132,-0.125315,3.21,20524,14170100,43,0.62,637
-13948.88879,6716505.859,0,466,51.535143,-0.125305,2.44,20524,14170200,43,0.62,638
-13947.7756,6716507.112,0,467,51.53515,-0.125295,2.19,20524,14170300,43,0.62,638
-13947.219,6716508.544,0,468,51.535158,-0.12529,2.73,20524,14170400,43,0.62,638
-13946.99636,6716510.333,0,469,51.535168,-0.125288,2.65,20524,14170500,43,0.62,637
-13946.10581,6716512.123,0,470,51.535178,-0.12528,2.57,20524,14170600,43,0.62,638
-13945.54921,6716514.628,0,471,51.535192,-0.125275,2.85,20524,14170700,43,0.62,638
-13945.77185,6716517.85,0,472,51.53521,-0.125277,2.6,20524,14170800,42,0.62,640
-13944.21338,6716521.787,0,473,51.535232,-0.125263,2.59,20524,14171000,42,0.62,638
-13943.10018,6716523.219,0,474,51.53524,-0.125253,2.57,20524,14171100,43,0.62,635
-13941.43039,6716524.113,0,475,51.535245,-0.125238,2.52,20524,14171200,43,0.62,634
-13939.64928,6716525.366,0,476,51.535252,-0.125222,2.76,20524,14171300,43,0.62,635
-13936.64365,6716524.65,0,477,51.535248,-0.125195,3.15,20524,14171400,43,0.62,637
-13933.5267,6716525.008,0,478,51.53525,-0.125167,3.08,20524,14171500,43,0.62,637
-13931.41163,6716527.156,0,479,51.535262,-0.125148,3.07,20524,14171600,44,0.62,636
-13929.18524,6716528.229,0,480,51.535268,-0.125128,3.44,20524,14171700,40,0.62,635
-13927.18149,6716529.124,0,481,51.535273,-0.12511,3.2,20524,14171800,43,0.62,637
-13925.5117,6716530.019,0,482,51.535278,-0.125095,2.98,20524,14171900,41,0.62,637
-13924.06455,6716530.914,0,483,51.535283,-0.125082,2.45,20524,14172000,43,0.62,638
-13922.50607,6716533.061,0,484,51.535295,-0.125068,2.46,20524,14172100,42,0.62,638
-13920.50232,6716538.072,0,485,51.535323,-0.12505,2.46,20524,14172300,43,0.62,637
-13919.94573,6716539.325,0,486,51.53533,-0.125045,2.67,20524,14172400,43,0.62,636
-13919.61177,6716540.578,0,487,51.535337,-0.125042,1.94,20524,14172500,42,0.62,634
-13919.38913,6716542.009,0,488,51.535345,-0.12504,1.94,20524,14172600,42,0.62,633
-13918.83253,6716544.157,0,489,51.535357,-0.125035,2.43,20524,14172700,42,0.62,634
-13918.27593,6716546.126,0,490,51.535368,-0.12503,2.99,20524,14172800,43,0.62,636
-13917.71934,6716547.915,0,491,51.535378,-0.125025,2.95,20524,14172900,43,0.62,637
-13917.16274,6716550.063,0,492,51.53539,-0.12502,2.26,20524,14173000,43,0.62,636
-13916.82878,6716551.852,0,493,51.5354,-0.125017,2.34,20524,14173100,43,0.62,634
-13916.27218,6716554,0,494,51.535412,-0.125012,2.57,20524,14173200,43,0.62,635
-13915.49295,6716556.326,0,495,51.535425,-0.125005,3.42,20524,14173300,43,0.62,636
-13914.37975,6716561.158,0,496,51.535452,-0.124995,3.77,20524,14173500,44,0.62,637
-13913.60052,6716563.127,0,497,51.535463,-0.124988,2.62,20524,14173600,44,0.62,636
-13912.70996,6716564.917,0,498,51.535473,-0.12498,2.62,20524,14173700,43,0.62,635
-13911.59676,6716567.422,0,499,51.535487,-0.12497,2.62,20524,14173800,42,0.62,634
-13911.04017,6716568.317,0,500,51.535492,-0.124965,3.62,20524,14173900,42,0.62,635
-13910.26093,6716569.748,0,501,51.5355,-0.124958,2.62,20524,14174000,43,0.62,637
-13909.14774,6716571.001,0,502,51.535507,-0.124948,3.08,20524,14174100,43,0.62,635
-13907.36662,6716572.433,0,503,51.535515,-0.124932,3.43,20524,14174200,43,0.62,632
-13905.25155,6716573.328,0,504,51.53552,-0.124913,2.88,20524,14174300,42,0.62,634
-13903.8044,6716573.865,0,505,51.535523,-0.1249,1.91,20524,14174400,43,0.62,635
-13901.91197,6716575.117,0,506,51.53553,-0.124883,1.93,20524,14174500,43,0.62,635
-13899.90822,6716575.475,0,507,51.535532,-0.124865,2.58,20524,14174600,43,0.62,635
-13894.6762,6716576.907,0,508,51.53554,-0.124818,2.58,20524,14174800,43,0.62,634
-13892.89509,6716577.802,0,509,51.535545,-0.124802,2.58,20524,14174900,43,0.62,636
-13890.44606,6716578.16,0,510,51.535547,-0.12478,2.58,20524,14175000,43,0.62,637
-13887.66307,6716577.444,0,511,51.535543,-0.124755,2.58,20524,14175100,43,0.62,637
-13885.43668,6716575.654,0,512,51.535533,-0.124735,2.74,20524,14175200,43,0.62,635
-13883.43293,6716574.759,0,513,51.535528,-0.124717,2.54,20524,14175300,42,0.62,633
-13880.9839,6716575.475,0,514,51.535532,-0.124695,2.55,20524,14175400,43,0.62,631
-13878.98015,6716574.759,0,515,51.535528,-0.124677,3,20524,14175500,42,0.62,632
-13877.31036,6716574.58,0,516,51.535527,-0.124662,2.77,20524,14175600,43,0.62,635
-13875.75189,6716573.865,0,517,51.535523,-0.124648,2.06,20524,14175700,43,0.62,634
-13874.30474,6716572.075,0,518,51.535513,-0.124635,2.08,20524,14175800,42,0.62,633
-13870.18591,6716571.18,0,519,51.535508,-0.124598,2.08,20524,14180000,43,0.62,632
-13868.4048,6716570.643,0,520,51.535505,-0.124582,2.08,20524,14180100,43,0.62,632
-13866.51237,6716570.106,0,521,51.535502,-0.124565,2.08,20524,14180200,43,0.62,634
-13864.61994,6716571.001,0,522,51.535507,-0.124548,2.08,20524,14180300,43,0.62,634
-13862.95015,6716570.106,0,523,51.535502,-0.124533,2.73,20524,14180400,43,0.62,636
-13861.28035,6716569.212,0,524,51.535497,-0.124518,2.65,20524,14180500,43,0.62,636
-13859.49924,6716568.317,0,525,51.535492,-0.124502,2.73,20524,14180600,43,0.62,634
-13857.82945,6716567.601,0,526,51.535488,-0.124487,2.67,20524,14180700,43,0.62,630
-13856.49362,6716567.064,0,527,51.535485,-0.124475,2.14,20524,14180800,42,0.62,630
-13855.15778,6716567.064,0,528,51.535485,-0.124463,1.96,20524,14180900,42,0.62,633
-13853.71063,6716567.422,0,529,51.535487,-0.12445,1.75,20524,14181000,42,0.62,632
-13852.04084,6716567.422,0,530,51.535487,-0.124435,2.34,20524,14181100,42,0.62,637
-13848.92389,6716566.706,0,531,51.535483,-0.124407,2.34,20524,14181300,44,0.62,636
-13847.36542,6716567.422,0,532,51.535487,-0.124393,2.34,20524,14181400,42,0.62,632
-13845.91826,6716568.317,0,533,51.535492,-0.12438,2.34,20524,14181500,43,0.62,633
-13844.47111,6716569.212,0,534,51.535497,-0.124367,2.34,20524,14181600,43,0.62,633
-13843.13528,6716569.212,0,535,51.535497,-0.124355,2.04,20524,14181700,42,0.62,635
-13841.79944,6716570.106,0,536,51.535502,-0.124343,1.5,20524,14181800,43,0.62,634
-13840.01833,6716570.643,0,537,51.535505,-0.124327,2.16,20524,14181900,42,0.62,632
-13838.6825,6716571.001,0,538,51.535507,-0.124315,1.73,20524,14182000,43,0.62,631
-13837.34666,6716571.538,0,539,51.53551,-0.124303,2,20524,14182100,43,0.62,632
-13836.23347,6716569.748,0,540,51.5355,-0.124293,1.96,20524,14182200,43,0.62,632
-13834.56368,6716570.285,0,541,51.535503,-0.124278,2.43,20524,14182300,42,0.62,630
-13828.4411,6716572.075,0,542,51.535513,-0.124223,2.74,20524,14182500,42,0.62,630
-13825.10152,6716574.759,0,543,51.535528,-0.124193,3.07,20524,14182600,42,0.62,630
-13822.87513,6716575.654,0,544,51.535533,-0.124173,3.07,20524,14182700,42,0.62,632
-13821.20534,6716576.907,0,545,51.53554,-0.124158,3.07,20524,14182800,43,0.62,631
-13819.20159,6716577.802,0,546,51.535545,-0.12414,2.32,20524,14182900,42,0.62,630
-13817.19784,6716577.802,0,547,51.535545,-0.124122,2.12,20524,14183000,42,0.62,629
-13814.97145,6716578.339,0,548,51.535548,-0.124102,2.07,20524,14183100,42,0.62,630
-13812.85638,6716579.055,0,549,51.535552,-0.124083,2.01,20524,14183200,42,0.62,631
-13810.85263,6716579.055,0,550,51.535552,-0.124065,2,20524,14183300,42,0.62,631
-13808.84887,6716579.233,0,551,51.535553,-0.124047,1.93,20524,14183400,43,0.62,631
-13807.73568,6716579.233,0,552,51.535553,-0.124037,1.63,20524,14183500,42,0.62,630
-13805.84325,6716579.233,0,553,51.535553,-0.12402,2.12,20524,14183600,42,0.62,631
-13801.94707,6716580.486,0,554,51.53556,-0.123985,2.42,20524,14183800,42,0.62,632
-13800.05463,6716582.276,0,555,51.53557,-0.123968,2.42,20524,14183900,42,0.62,633
-13798.27352,6716584.423,0,556,51.535582,-0.123952,2.42,20524,14184000,42,0.62,632
-13797.16033,6716585.855,0,557,51.53559,-0.123942,2.8,20524,14184100,42,0.62,631
-13796.71505,6716587.645,0,558,51.5356,-0.123938,2.39,20524,14184200,42,0.62,631
-13796.60373,6716589.792,0,559,51.535612,-0.123937,3.2,20524,14184300,43,0.62,632
-13796.15845,6716591.582,0,560,51.535622,-0.123933,2.59,20524,14184400,43,0.62,633
-13796.04713,6716594.266,0,561,51.535637,-0.123932,2.97,20524,14184500,42,0.62,632
-13795.82449,6716596.056,0,562,51.535647,-0.12393,3.49,20524,14184600,42,0.62,632
-13795.60186,6716597.846,0,563,51.535657,-0.123928,3.13,20524,14184700,42,0.62,632
-13795.60186,6716599.635,0,564,51.535667,-0.123928,2.81,20524,14184800,42,0.62,631
-13796.04713,6716601.604,0,565,51.535678,-0.123932,1.93,20524,14185000,43,0.62,631
-13796.04713,6716601.425,0,566,51.535677,-0.123932,1.93,20524,14185100,42,0.62,631
-13795.82449,6716600.709,0,567,51.535673,-0.12393,0,20524,14185200,42,0.62,631
-13795.49054,6716600.709,0,568,51.535673,-0.123927,0,20524,14185300,42,0.62,631
-13795.49054,6716600.709,0,569,51.535673,-0.123927,0,20524,14185400,42,0.62,631
-13795.49054,6716600.709,0,570,51.535673,-0.123927,0,20524,14185500,42,0.62,631
-13795.49054,6716600.709,0,571,51.535673,-0.123927,0,20524,14185600,42,0.62,630
-13795.49054,6716600.709,0,572,51.535673,-0.123927,0,20524,14185700,42,0.62,630
-13795.49054,6716600.709,0,573,51.535673,-0.123927,0,20524,14185800,42,0.62,630
-13795.49054,6716600.709,0,574,51.535673,-0.123927,0,20524,14185900,43,0.62,630
-13795.49054,6716600.709,0,575,51.535673,-0.123927,0,20524,14190000,42,0.62,630
-13795.49054,6716600.709,0,576,51.535673,-0.123927,0,20524,14190100,41,0.62,630
-13795.49054,6716600.709,0,577,51.535673,-0.123927,0,20524,14190300,42,0.62,630
-13795.49054,6716600.709,0,578,51.535673,-0.123927,0,20524,14190400,43,0.62,630
-13795.49054,6716600.709,0,579,51.535673,-0.123927,0,20524,14190500,43,0.62,630
-13795.49054,6716600.709,0,580,51.535673,-0.123927,0,20524,14190600,42,0.62,631
-13795.49054,6716600.709,0,581,51.535673,-0.123927,0,20524,14190700,42,0.62,639
-13795.49054,6716600.709,0,582,51.535673,-0.123927,0,20524,14190800,42,0.62,642
-13795.49054,6716600.709,0,583,51.535673,-0.123927,0,20524,14190900,45,0.62,708
-13795.49054,6716600.709,0,584,51.535673,-0.123927,0,20524,14191000,48,0.62,708
-13795.49054,6716600.709,0,585,51.535673,-0.123927,0,20524,14191100,48,0.62,708
-13795.49054,6716600.709,0,586,51.535673,-0.123927,0,20524,14191200,48,0.62,708
-13795.49054,6716600.709,0,587,51.535673,-0.123927,0,20524,14191300,30,0.62,708
-13795.49054,6716600.709,0,588,51.535673,-0.123927,0,20524,14191500,48,0.62,708
-13795.49054,6716600.709,0,589,51.535673,-0.123927,0,20524,14191600,27,0.62,708
